[
  {
    "FirstName": "Amani",
    "LastName": "Altarawneh",
    "UID": 0,
    "EmailAddress": "aaltarawneh@tntech.edu",
    "Dept": "Computer Science",
    "Title": "Assistant Professor",
    "Phone": "--",
    "Building": "Bruner Hall (BRUN) 232",
    "POBox": "5101"
  },
  {
    "FirstName": "Mark",
    "LastName": "Boshart",
    "UID": 1,
    "EmailAddress": "MBoshart@tntech.edu",
    "Dept": "Computer Science",
    "Title": "Adjunct Faculty",
    "Phone": "931-372-3428",
    "Building": "Bruner Hall (BRUN) 232",
    "POBox": "5101"
  },
  {
    "FirstName": "Travis",
    "LastName": "Brummett",
    "UID": 2,
    "EmailAddress": "tbrummett@tntech.edu",
    "Dept": "Computer Science",
    "Title": "Lecturer",
    "Phone": "--",
    "Building": "Bruner Hall (BRUN) 329",
    "POBox": "5101"
  },
  {
    "FirstName": "Benjamin",
    "LastName": "Burchfield",
    "UID": 3,
    "EmailAddress": "bburchfield@tntech.edu",
    "Dept": "Computer Science",
    "Title": "Lecturer",
    "Phone": "931-372-3122",
    "Building": "Bruner Hall (BRUN) 430",
    "POBox": "5101"
  },
  {
    "FirstName": "Amy",
    "LastName": "Davis",
    "UID": 4,
    "EmailAddress": "aldavis@tntech.edu",
    "Dept": "Computer Science",
    "Title": "Coordinator",
    "Phone": "931-372-6061",
    "Building": "Bruner Hall (BRUN) 240",
    "POBox": "5101"
  },
  {
    "FirstName": "Emily",
    "LastName": "Disbrow",
    "UID": 5,
    "EmailAddress": "edisbrow@tntech.edu",
    "Dept": "Computer Science",
    "Title": "Administrative Associate 4",
    "Phone": "931-372-3691",
    "Building": "Bruner Hall (BRUN) 238",
    "POBox": "5101"
  },
  {
    "FirstName": "William",
    "LastName": "Eberle",
    "UID": 6,
    "EmailAddress": "WEberle@tntech.edu",
    "Dept": "Computer Science",
    "Title": "Professor",
    "Phone": "931-372-3278",
    "Building": "Bruner Hall (BRUN) 235",
    "POBox": "5101"
  },
  {
    "FirstName": "Cyril",
    "LastName": "Focht",
    "UID": 7,
    "EmailAddress": "cfocht@tntech.edu",
    "Dept": "Computer Science",
    "Title": "Adjunct Faculty",
    "Phone": "931-372-3137",
    "Building": "Bruner Hall (BRUN) 428",
    "POBox": "5101"
  },
  {
    "FirstName": "Barbara",
    "LastName": "Gannod",
    "UID": 8,
    "EmailAddress": "bgannod@tntech.edu",
    "Dept": "Computer Science",
    "Title": "Adjunct Faculty",
    "Phone": "--",
    "Building": "Bruner Hall (BRUN) 233"
  },
  {
    "FirstName": "Jerry",
    "LastName": "Gannod",
    "UID": 9,
    "EmailAddress": "jgannod@tntech.edu",
    "Dept": "Computer Science",
    "Title": "Chairperson",
    "Phone": "931-372-3691",
    "Building": "Bruner Hall (BRUN) 242",
    "POBox": "5101"
  },
  {
    "FirstName": "Sheikh",
    "LastName": "Ghafoor",
    "UID": 10,
    "EmailAddress": "SGhafoor@tntech.edu",
    "Dept": "Computer Science",
    "Title": "Professor",
    "Phone": "931-372-3687",
    "Building": "Bruner Hall (BRUN) 429",
    "POBox": "5101"
  },
  {
    "FirstName": "Maanak",
    "LastName": "Gupta",
    "UID": 11,
    "EmailAddress": "mgupta@tntech.edu",
    "Dept": "Computer Science",
    "Title": "Assistant Professor",
    "Phone": "931-372-3525",
    "Building": "Prescott Hall (PRSC) 408",
    "POBox": "5101"
  },
  {
    "FirstName": "Danyelle",
    "LastName": "Hawkins",
    "UID": 12,
    "EmailAddress": "ldhawkins@tntech.edu",
    "Dept": "Computer Science",
    "Title": "Adjunct Faculty",
    "Phone": "931-372-6281",
    "Building": "Volpe Library/Learning Assist (LIBR) 180",
    "POBox": "5185"
  },
  {
    "FirstName": "Amr",
    "LastName": "Hilal",
    "UID": 13,
    "EmailAddress": "ahilal@tntech.edu",
    "Dept": "Computer Science",
    "Title": "Associate Professor",
    "Phone": "931-372-3253",
    "Building": "Bruner Hall (BRUN) 233",
    "POBox": "5101"
  },
  {
    "FirstName": "Md",
    "LastName": "Islam",
    "UID": 14,
    "EmailAddress": "mtislam@tntech.edu",
    "Dept": "Computer Science",
    "Title": "Adjunct Faculty",
    "Phone": "--",
    "Building": ""
  },
  {
    "FirstName": "Beata",
    "LastName": "Kubiak",
    "UID": 15,
    "EmailAddress": "bkubiak@tntech.edu",
    "Dept": "Computer Science",
    "Title": "Lecturer",
    "Phone": "931-372-3222",
    "Building": "Bruner Hall (BRUN) 332",
    "POBox": "5101"
  },
  {
    "FirstName": "Travis",
    "LastName": "Lee",
    "UID": 16,
    "EmailAddress": "tlee@tntech.edu",
    "Dept": "Computer Science",
    "Title": "Adjunct Faculty",
    "Phone": "931-372-3759",
    "Building": "Prescott Hall (PRSC) 414",
    "POBox": "5134"
  },
  {
    "FirstName": "Rajesh",
    "LastName": "Manicavasagam",
    "UID": 17,
    "EmailAddress": "rmanicavasagam@tntech.edu",
    "Dept": "Computer Science",
    "Title": "Instructor",
    "Phone": "931-372-6127",
    "Building": "Prescott Hall (PRSC) 406",
    "POBox": "5101"
  },
  {
    "FirstName": "Joshua",
    "LastName": "Miller",
    "UID": 18,
    "EmailAddress": "joshuamiller@tntech.edu",
    "Dept": "Computer Science",
    "Title": "Temporary Help Non-Exempt",
    "Phone": "--",
    "Building": ""
  },
  {
    "FirstName": "Muhammad",
    "LastName": "Muhammad",
    "UID": 19,
    "EmailAddress": "mismail@tntech.edu",
    "Dept": "Computer Science",
    "Title": "Associate Professor",
    "Phone": "931-372-6287",
    "Building": "Bruner Hall (BRUN) 332",
    "POBox": "5101"
  },
  {
    "FirstName": "MD S Zulkar",
    "LastName": "Nine",
    "UID": 20,
    "EmailAddress": "mnine@tntech.edu",
    "Dept": "Computer Science",
    "Title": "Assistant Professor",
    "Phone": "931-372-3137",
    "Building": "Bruner Hall (BRUN) 428",
    "POBox": "5101"
  },
  {
    "FirstName": "Mir",
    "LastName": "Pritom",
    "UID": 21,
    "EmailAddress": "mpritom@tntech.edu",
    "Dept": "Computer Science",
    "Title": "Assistant Professor",
    "Phone": "931-372-3496",
    "Building": "Bruner Hall (BRUN) 236",
    "POBox": "5101"
  },
  {
    "FirstName": "Michael",
    "LastName": "Rogers",
    "UID": 22,
    "EmailAddress": "MRogers@tntech.edu",
    "Dept": "Computer Science",
    "Title": "Associate Professor",
    "Phone": "931-372-6304",
    "Building": "Bruner Hall (BRUN) 427",
    "POBox": "5101"
  },
  {
    "FirstName": "Susmit",
    "LastName": "Shannigrahi",
    "UID": 23,
    "EmailAddress": "sshannigrahi@tntech.edu",
    "Dept": "Computer Science",
    "Title": "Assistant Professor",
    "Phone": "931-372-6259",
    "Building": "Bruner Hall (BRUN) 331",
    "POBox": "5101"
  },
  {
    "FirstName": "Anthony",
    "LastName": "Skjellum",
    "UID": 24,
    "EmailAddress": "askjellum@tntech.edu",
    "Dept": "Computer Science",
    "Title": "Professor",
    "Phone": "931-372-6484",
    "Building": "Bruner Hall (BRUN) 431",
    "POBox": "5101"
  },
  {
    "FirstName": "Douglas",
    "LastName": "Talbert",
    "UID": 25,
    "EmailAddress": "DTalbert@tntech.edu",
    "Dept": "Computer Science",
    "Title": "Professor",
    "Phone": "931-372-6178",
    "Building": "Bruner Hall (BRUN) 234",
    "POBox": "5101"
  },
  {
    "FirstName": "Paul",
    "LastName": "Tinker",
    "UID": 26,
    "EmailAddress": "ptinker@tntech.edu",
    "Dept": "Computer Science",
    "Title": "Adjunct Faculty",
    "Phone": "--",
    "Building": ""
  }
]